"Program","Mean.sens","Median.sens","Mean.PPV","Median.PPV","Mean.Accuracy","Median.Accuracy"
"UV 1MNaCl",0.627001769911504,0.6786,0.627001769911504,0.6786,0.699832473497588,0.7619
"1.0 kcal/mol penalty",0.634275221238938,0.6786,0.634275221238938,0.6786,0.696402123540835,0.75591004755857
"FDBI 1MNaCl",0.634095575221239,0.6964,0.634095575221239,0.6964,0.70234603022299,0.76694197955256
"FBDI Eco80",0.606392920353982,0.5926,0.606392920353982,0.5926,0.645812534815694,0.668159786278701
