"Program","Mean.pPaired","Median.pPaired","Mean.pAU.pairs","Median.pAU.pairs","Mean.pGC.pairs","Median.pGC.pairs","Mean.pGU.pairs","Median.pGU.pairs"
"UV 1MNaCl",58.465097623177,59.2592592592593,33.1227114660487,32.4786324786325,54.7976566869394,55.3191489361702,11.666490001645,11.4093959731544
"1.0 kcal/mol penalty",56.5481696499975,57.5624082232012,32.791341276586,32.2222222222222,54.6965089721005,54.8780487804878,12.1186813271546,12
"FDBI 1MNaCl",57.7372845492343,58.6206896551724,32.6805028677282,31.9148936170213,55.363302935492,55.5555555555556,11.5627257726209,11.3207547169811
"FBDI Eco80",52.2891178710217,53.448275862069,29.8723019585512,28.8461538461538,55.2811007522502,55.1724137931034,14.5908428134953,14.9425287356322
