"Program","Mean.sens","Median.sens","Mean.PPV","Median.PPV","Mean.Accuracy","Median.Accuracy"
"UV 1MNaCl",0.649105154436357,0.6774,0.649105154436357,0.6774,0.668282195921404,0.725272900362339
"1.0 kcal/mol penalty",0.647662325398387,0.6667,0.647662325398387,0.6667,0.655556602013224,0.707106781186548
"FDBI 1MNaCl",0.655070312807397,0.6857,0.655070312807397,0.6857,0.669986297052218,0.727530370500091
"FBDI Eco80",0.615396065315758,0.6154,0.615396065315758,0.6154,0.5997170947149,0.622162374304329
